{
  "task_type": "regression",
  "mse": 0.4417037069797516,
  "mae": 0.5297068953514099,
  "rmse": 0.6646079347854279,
  "nrmse": 0.7480900287628174,
  "alpha": 10000.0,
  "val_nrmse": 0.6901165843009949,
  "activity": {
    "reservoir_spike_rate": 0.24773120880126953
  },
  "method": "linear",
  "timing": {
    "train_time_s": 2.905137210036628
  }
}