{
  "method": "surrogate",
  "task_type": "classification",
  "train_accuracy": 1.0,
  "val_accuracy": 1.0,
  "test_accuracy": 1.0,
  "accuracy": 1.0,
  "confusion_matrix": [
    [
      10,
      0,
      0,
      0
    ],
    [
      0,
      10,
      0,
      0
    ],
    [
      0,
      0,
      10,
      0
    ],
    [
      0,
      0,
      0,
      10
    ]
  ],
  "activity": {
    "reservoir_spike_rate": 0.22379374504089355,
    "reservoir_sparsity": 0.7762062549591064,
    "reservoir_spikes_per_sample": 6713.8125,
    "output_spike_rate": 0.1836875081062317
  },
  "structure": {
    "n_neurons": 304,
    "n_synapses": 15600,
    "n_trainable_synapses": 1200,
    "n_reservoir_recurrent_synapses": 10800,
    "n_input_synapses": 3600,
    "n_readout_synapses": 1200
  },
  "timing": {
    "train_time_s": 7.784119502990507,
    "epochs": 150
  },
  "training_note": "OFF-CHIP surrogate-gradient BPTT on a fixed reservoir.",
  "loss_curve": [
    2.8490874767303467,
    1.37741219997406,
    1.8687230348587036,
    1.7332117557525635,
    1.0119930505752563,
    0.6924921274185181,
    0.8258035182952881,
    0.9139112234115601,
    0.7500873804092407,
    0.6169171333312988,
    0.4043272137641907,
    0.4181363880634308,
    0.5681476593017578,
    0.5242616534233093,
    0.2977156937122345,
    0.23216217756271362,
    0.2101840376853943,
    0.24696500599384308,
    0.2886452078819275,
    0.23500098288059235,
    0.18117989599704742,
    0.12455505132675171,
    0.09789031744003296,
    0.14599451422691345,
    0.16520468890666962,
    0.14615395665168762,
    0.1052914634346962,
    0.07764994353055954,
    0.07595335692167282,
    0.09042604267597198,
    0.08796639740467072,
    0.08443343639373779,
    0.07860738039016724,
    0.08025869727134705,
    0.06951989233493805,
    0.04958829656243324,
    0.04857154190540314,
    0.04713429510593414,
    0.046777836978435516,
    0.0461418554186821,
    0.0451919361948967,
    0.04275880753993988,
    0.03962916508316994,
    0.0351199172437191,
    0.036471083760261536,
    0.03346232324838638,
    0.04818233847618103,
    0.03617957979440689,
    0.02752392366528511,
    0.029477765783667564,
    0.024596644565463066,
    0.028193945065140724,
    0.027672909200191498,
    0.028266768902540207,
    0.02808583900332451,
    0.02793654054403305,
    0.027936525642871857,
    0.027936525642871857,
    0.025982677936553955,
    0.023910637944936752,
    0.02309134230017662,
    0.020599734038114548,
    0.020908188074827194,
    0.020908188074827194,
    0.020898230373859406,
    0.020541220903396606,
    0.020424455404281616,
    0.020142516121268272,
    0.020142395049333572,
    0.020077243447303772,
    0.019920364022254944,
    0.019903795793652534,
    0.019551999866962433,
    0.02045433595776558,
    0.020398851484060287,
    0.017707040533423424,
    0.017707040533423424,
    0.017347952350974083,
    0.017347944900393486,
    0.017215900123119354,
    0.017215900123119354,
    0.016265032812952995,
    0.016149550676345825,
    0.016197554767131805,
    0.01642495021224022,
    0.016292493790388107,
    0.017918670549988747,
    0.01791866309940815,
    0.01791866309940815,
    0.01791866309940815,
    0.015342152677476406,
    0.015390141867101192,
    0.015390141867101192,
    0.015390141867101192,
    0.015274197794497013,
    0.015274197794497013,
    0.01526423916220665,
    0.015021811239421368,
    0.015021811239421368,
    0.01486907433718443,
    0.01486907433718443,
    0.01486907433718443,
    0.01486907433718443,
    0.01486907433718443,
    0.01413038931787014,
    0.01413038931787014,
    0.01413038931787014,
    0.013842953369021416,
    0.013842957094311714,
    0.013842957094311714,
    0.013787474483251572,
    0.013798962347209454,
    0.013798962347209454,
    0.013798962347209454,
    0.011309794150292873,
    0.01035893615335226,
    0.010359836742281914,
    0.010050615295767784,
    0.012380292639136314,
    0.012016497552394867,
    0.009527330286800861,
    0.009527330286800861,
    0.009035161696374416,
    0.009035157971084118,
    0.008412194438278675,
    0.008412194438278675,
    0.008272250182926655,
    0.008272250182926655,
    0.008272123523056507,
    0.008205298334360123,
    0.008205298334360123,
    0.008205298334360123,
    0.008337752893567085,
    0.008337752893567085,
    0.008036921732127666,
    0.008034504018723965,
    0.00839151069521904,
    0.00839151069521904,
    0.00839151069521904,
    0.008329436182975769,
    0.008329436182975769,
    0.00839513260871172,
    0.00839513260871172,
    0.00839513260871172,
    0.00839513260871172,
    0.007993836887180805,
    0.007973399013280869,
    0.0079555194824934,
    0.0079555194824934,
    0.0079555194824934
  ]
}