{
  "method": "rstdp",
  "task_type": "classification",
  "train_accuracy": 0.78125,
  "val_accuracy": 0.625,
  "test_accuracy": 0.75,
  "accuracy": 0.75,
  "confusion_matrix": [
    [
      10,
      0,
      0,
      0
    ],
    [
      0,
      10,
      0,
      0
    ],
    [
      6,
      0,
      0,
      4
    ],
    [
      0,
      0,
      0,
      10
    ]
  ],
  "activity": {
    "reservoir_spike_rate": 0.22379374504089355,
    "reservoir_sparsity": 0.7762062549591064,
    "reservoir_spikes_per_sample": 6713.8125,
    "output_spike_rate": 0.20506250858306885
  },
  "structure": {
    "n_neurons": 304,
    "n_synapses": 15600,
    "n_trainable_synapses": 1200,
    "n_reservoir_recurrent_synapses": 10800,
    "n_input_synapses": 3600,
    "n_readout_synapses": 1200
  },
  "timing": {
    "train_time_s": 4.68104219797533,
    "inference_time_per_sample_s": 0.0003797864745138213,
    "epochs": 200
  },
  "reward_curve": [
    0.749000072479248,
    0.7014636993408203,
    0.666521430015564,
    0.6645612716674805,
    0.6665013432502747,
    0.6320039629936218,
    0.6295726299285889,
    0.6198358535766602,
    0.6096440553665161,
    0.6131029725074768,
    0.6249047517776489,
    0.6105634570121765,
    0.5991271734237671,
    0.5926639437675476,
    0.5989077091217041,
    0.5815858244895935,
    0.5824601650238037,
    0.5889690518379211,
    0.5906939506530762,
    0.5830597281455994,
    0.5831769704818726,
    0.5837640762329102,
    0.5805738568305969,
    0.5770829916000366,
    0.578981339931488,
    0.5762224197387695,
    0.5741999745368958,
    0.5709480047225952,
    0.5730918645858765,
    0.5687431693077087,
    0.5747083425521851,
    0.57749342918396,
    0.5706847310066223,
    0.5646723508834839,
    0.5720259547233582,
    0.5758534073829651,
    0.572101891040802,
    0.5730749368667603,
    0.5739121437072754,
    0.5730785727500916,
    0.5718701481819153,
    0.5741666555404663,
    0.5689259767532349,
    0.5660227537155151,
    0.5714609622955322,
    0.574886679649353,
    0.5738426446914673,
    0.5686380863189697,
    0.5684215426445007,
    0.5649846792221069,
    0.5695035457611084,
    0.5706632137298584,
    0.5689301490783691,
    0.5684769153594971,
    0.567022979259491,
    0.569832980632782,
    0.5672746300697327,
    0.567782998085022,
    0.5668753981590271,
    0.5660451650619507,
    0.5696224570274353,
    0.5674756765365601,
    0.5639940500259399,
    0.5654398798942566,
    0.5677533149719238,
    0.5657660961151123,
    0.5644992589950562,
    0.5670961141586304,
    0.5643612742424011,
    0.5645914077758789,
    0.5670444369316101,
    0.5655365586280823,
    0.564598798751831,
    0.5647100210189819,
    0.5647547841072083,
    0.5641201734542847,
    0.5662160515785217,
    0.5642733573913574,
    0.5636080503463745,
    0.5655431747436523,
    0.5649657249450684,
    0.5648833513259888,
    0.5623956918716431,
    0.562432050704956,
    0.5656719207763672,
    0.5626064538955688,
    0.5637804269790649,
    0.5629648566246033,
    0.564833402633667,
    0.561241626739502,
    0.5622667074203491,
    0.562340497970581,
    0.5651603937149048,
    0.5639297366142273,
    0.5629321932792664,
    0.5615464448928833,
    0.5611816048622131,
    0.5632017850875854,
    0.5632864832878113,
    0.5622475147247314,
    0.5629035234451294,
    0.5597424507141113,
    0.5621285438537598,
    0.5625221729278564,
    0.56244957447052,
    0.564195990562439,
    0.5628303289413452,
    0.5614148378372192,
    0.5608214735984802,
    0.5630794763565063,
    0.5620055198669434,
    0.5616970062255859,
    0.5610517859458923,
    0.5622962713241577,
    0.5607277154922485,
    0.5611798763275146,
    0.5613064765930176,
    0.5626106262207031,
    0.5624502897262573,
    0.563850998878479,
    0.5624616146087646,
    0.5609655380249023,
    0.5614309310913086,
    0.5612697601318359,
    0.5615715980529785,
    0.5616435408592224,
    0.5616301894187927,
    0.5615671277046204,
    0.5612257719039917,
    0.5620104074478149,
    0.5628692507743835,
    0.5616295337677002,
    0.5617085695266724,
    0.5616623163223267,
    0.5610047578811646,
    0.5597248077392578,
    0.5611299872398376,
    0.56223464012146,
    0.5622121095657349,
    0.561393141746521,
    0.5610625743865967,
    0.5621343851089478,
    0.5609696507453918,
    0.5604116916656494,
    0.5602785348892212,
    0.5606471300125122,
    0.5619175434112549,
    0.5620077848434448,
    0.5614892244338989,
    0.5610893964767456,
    0.5603103637695312,
    0.5608276724815369,
    0.5605713129043579,
    0.5590468645095825,
    0.5607354640960693,
    0.5611281394958496,
    0.5615106225013733,
    0.5597026348114014,
    0.5610929727554321,
    0.5608212947845459,
    0.5613718628883362,
    0.561183750629425,
    0.5601665377616882,
    0.5608643293380737,
    0.560105562210083,
    0.5606491565704346,
    0.5604037046432495,
    0.5602498054504395,
    0.5604795217514038,
    0.5613244771957397,
    0.5601285696029663,
    0.5609046220779419,
    0.5607208013534546,
    0.5603541135787964,
    0.5614660978317261,
    0.5605391263961792,
    0.5592355728149414,
    0.5606605410575867,
    0.5602864027023315,
    0.5602148771286011,
    0.5607309341430664,
    0.5641875863075256,
    0.5645545721054077,
    0.5642679929733276,
    0.5650956630706787,
    0.5666710138320923,
    0.5651569366455078,
    0.5644481182098389,
    0.5644474029541016,
    0.5650233626365662,
    0.5648723840713501,
    0.5651997923851013,
    0.5652122497558594,
    0.5651494860649109,
    0.565466046333313,
    0.565170407295227,
    0.56566321849823,
    0.5659799575805664,
    0.5661704540252686,
    0.5652686953544617
  ],