{
  "method": "rstdp",
  "task_type": "classification",
  "train_accuracy": 0.8341666666666666,
  "val_accuracy": 0.81,
  "test_accuracy": 0.8,
  "accuracy": 0.8,
  "confusion_matrix": [
    [
      124,
      76
    ],
    [
      4,
      196
    ]
  ],
  "activity": {
    "reservoir_spike_rate": 0.23297728598117828,
    "reservoir_sparsity": 0.7670227140188217,
    "reservoir_spikes_per_sample": 5964.21875,
    "output_spike_rate": 0.11940429359674454
  },
  "structure": {
    "n_neurons": 202,
    "n_synapses": 6000,
    "n_trainable_synapses": 400,
    "n_reservoir_recurrent_synapses": 4800,
    "n_input_synapses": 800,
    "n_readout_synapses": 400
  },
  "timing": {
    "train_time_s": 16.873015677090734,
    "inference_time_per_sample_s": 5.7596960105001926e-05,
    "epochs": 60
  },
  "reward_curve": [
    0.39424245059490204,
    0.31615308821201327,
    0.3208305060863495,
    0.3190863639116287,
    0.3090972751379013,
    0.3107620984315872,
    0.3025964111089706,
    0.3237637609243393,
    0.29340008795261385,
    0.3102071315050125,
    0.30354773104190824,
    0.30386485159397125,
    0.31551878750324247,
    0.303151336312294,
    0.29887028932571413,
    0.3139332115650177,
    0.3090972125530243,
    0.31615300178527833,
    0.2928451180458069,
    0.3026756703853607,
    0.320592600107193,
    0.298394612967968,
    0.29918739199638367,
    0.3197998046875,
    0.29974234104156494,
    0.30219997465610504,
    0.31314040422439576,
    0.3159944325685501,
    0.29522346556186674,
    0.30077295899391177,
    0.30656028985977174,
    0.3036269754171371,
    0.31258546113967894,
    0.3023585259914398,
    0.3026756376028061,
    0.3110791653394699,
    0.3197205185890198,
    0.30774945616722105,
    0.3014071822166443,
    0.30267564207315445,
    0.3071152359247208,
    0.32059258222579956,
    0.3039441019296646,
    0.3035476982593536,
    0.3106034964323044,
    0.30671884417533873,
    0.30782873928546906,
    0.31028637290000916,
    0.32225744128227235,
    0.30640173256397246,
    0.31504307985305785,
    0.2995044976472855,
    0.31107916831970217,
    0.3046576052904129,
    0.30870080590248106,
    0.30822513401508334,
    0.30188286006450654,
    0.30703596472740174,
    0.31218906342983244,
    0.30640173256397246
  ],
  "train_acc_curve": [
    0.7411458373069764,
    0.9104166686534881,
    0.8888020873069763,
    0.8908854186534881,
    0.9,
    0.8973958373069764,
    0.9098958373069763,
    0.8544270873069764,
    0.9041666686534882,
    0.87890625,
    0.8875,
    0.8833333373069763,
    0.8583333373069764,
    0.8768229186534882,
    0.8817708373069764,
    0.8518229186534881,
    0.85078125,
    0.84140625,
    0.8799479186534882,
    0.8609375,
    0.8213541686534882,
    0.8635416686534881,
    0.86015625,
    0.8200520873069763,
    0.8552083373069763,
    0.8473958373069763,
    0.8265625,
    0.8244791686534881,
    0.8604166686534882,
    0.846875,
    0.8380208373069763,
    0.8395833373069763,
    0.8229166686534881,
    0.8393229186534882,
    0.8380208373069763,
    0.8252604186534882,
    0.81015625,
    0.83203125,
    0.83984375,
    0.8421875,
    0.8317708373069763,
    0.8075520873069764,
    0.8333333373069763,
    0.8395833373069763,
    0.82734375,
    0.8315104186534882,
    0.8309895873069764,
    0.8239583373069763,
    0.8046875,
    0.83046875,
    0.8171875,
    0.8427083373069764,
    0.82578125,
    0.8328125,
    0.82890625,
    0.8278645873069763,
    0.8377604186534882,
    0.8307291686534881,
    0.821875,
    0.8341145873069763
  ],
  "rstdp_config": {
    "lr": 0.05,
    "eligibility_mode": "pre",
    "reward_mode": "error",
    "elig_decay": 0.97,
    "pre_decay": 0.9,
    "post_decay": 0.9,
    "reward_scale": 1.0,
    "neg_reward_scale": 1.0,
    "homeo_beta": 0.0,
    "w_min": -3.0,
    "w_max": 3.0
  },
  "quantization": {
    "enabled": false,
    "bits": 8
  },
  "test_ood_accuracy": 0.625
}