{
  "method": "surrogate",
  "task_type": "classification",
  "train_accuracy": 0.9983333349227905,
  "val_accuracy": 0.996666669845581,
  "test_accuracy": 0.9975000023841858,
  "accuracy": 0.9975000023841858,
  "confusion_matrix": [
    [
      200,
      0
    ],
    [
      1,
      199
    ]
  ],
  "activity": {
    "reservoir_spike_rate": 0.23297728598117828,
    "reservoir_sparsity": 0.7670227140188217,
    "reservoir_spikes_per_sample": 5964.21875,
    "output_spike_rate": 0.20188476145267487
  },
  "structure": {
    "n_neurons": 202,
    "n_synapses": 6000,
    "n_trainable_synapses": 400,
    "n_reservoir_recurrent_synapses": 4800,
    "n_input_synapses": 800,
    "n_readout_synapses": 400
  },
  "timing": {
    "train_time_s": 5.412898923037574,
    "epochs": 80
  },
  "training_note": "OFF-CHIP surrogate-gradient BPTT on a fixed reservoir.",
  "loss_curve": [
    0.7676571607589722,
    0.5680422186851501,
    0.43659237027168274,
    0.22395390272140503,
    0.17399325966835022,
    0.1644688844680786,
    0.131311297416687,
    0.10127313435077667,
    0.08166342228651047,
    0.08258291333913803,
    0.07805783301591873,
    0.06521102786064148,
    0.0529661625623703,
    0.04837882146239281,
    0.047231413424015045,
    0.045625921338796616,
    0.04287581145763397,
    0.04048469290137291,
    0.03773944452404976,
    0.03482113033533096,
    0.03188043460249901,
    0.028724782168865204,
    0.029371242970228195,
    0.02784508652985096,
    0.026911195367574692,
    0.026105450466275215,
    0.02497771382331848,
    0.02394736371934414,
    0.022789673879742622,
    0.0210836511105299,
    0.019893506541848183,
    0.019535904750227928,
    0.018879804760217667,
    0.018437713384628296,
    0.018300075083971024,
    0.017565330490469933,
    0.017384003847837448,
    0.016450973227620125,
    0.016279567033052444,
    0.01563061773777008,
    0.015013523399829865,
    0.014834453351795673,
    0.015351338312029839,
    0.015129962004721165,
    0.015001918189227581,
    0.014886142686009407,
    0.014292431063950062,
    0.014048641547560692,
    0.013408910483121872,
    0.013168029487133026,
    0.01250147633254528,
    0.012205882929265499,
    0.012171869166195393,
    0.01208172645419836,
    0.01191289909183979,
    0.011753377504646778,
    0.011475685052573681,
    0.011311915703117847,
    0.011224904097616673,
    0.011075442656874657,
    0.011025016196072102,
    0.011024599894881248,
    0.010849150829017162,
    0.010755127295851707,
    0.010650360956788063,
    0.010611315257847309,
    0.010610395111143589,
    0.01058906503021717,
    0.010538866743445396,
    0.010504034347832203,
    0.010456154122948647,
    0.01044531725347042,
    0.00986851379275322,
    0.009882205165922642,
    0.009834874421358109,
    0.009823247790336609,
    0.009818829596042633,
    0.009710564278066158,
    0.009670759551227093,
    0.009583047591149807
  ],
  "test_ood_accuracy": 0.7724999785423279
}